Date,Index Options Contracts,Index Options Turnover,Call Contracts,Call Turnover,Put Contract,Put Turnover
Jun-01,542,197,167,62,375,135
Jul-01,183,65,67,24,116,41
Aug-01,1551,531,811,276,740,255
Sep-01,113,38,73,24,40,14
Oct-01,14,4,14,4,0,0
Nov-01,9,3,5,2,4,1
Dec-01,0,0,0,0,0,0
Jan-02,2,0,1,0,1,0
Feb-02,1,0,1,0,0,0
Mar-02,0,0,0,0,0,0
Apr-02,0,0,0,0,0,0
May-02,1,0,1,0,0,0
Jun-02,0,0,0,0,0,0
Jul-02,0,0,0,0,0,0
Aug-02,0,0,0,0,0,0
Sep-02,0,0,0,0,0,0
Oct-02,0,0,0,0,0,0
Nov-02,0,0,0,0,0,0
Dec-02,0,0,0,0,0,0
Jan-03,0,0,0,0,0,0
Feb-03,1,0,0,0,1,0
Mar-03,41,13,40,13,1,0
Apr-03,0,0,0,0,0,0
May-03,1,0,1,0,0,0
Jun-03,0,0,0,0,0,0
Jul-03,0,0,0,0,0,0
Aug-03,0,0,0,0,0,0
Sep-03,0,0,0,0,0,0
Oct-03,0,0,0,0,0,0
Nov-03,0,0,0,0,0,0
Dec-03,0,0,0,0,0,0
Jan-04,0,0,0,0,0,0
Feb-04,0,0,0,0,0,0
Mar-04,0,0,0,0,0,0
Apr-04,0,0,0,0,0,0
May-04,0,0,0,0,0,0
Jun-04,0,0,0,0,0,0
Jul-04,0,0,0,0,0,0
Aug-04,0,0,0,0,0,0
Sep-04,8238,2280,4569,1270,3669,1010
Oct-04,17883,5130,11397,3270,6486,1860
Nov-04,16156,4820,11635,3480,4521,1340
Dec-04,13769,4420,9164,2940,4605,1480
Jan-05,9316,2980,5271,1700,4045,1280
Feb-05,4499,1490,2484,830,2015,660
Mar-05,5414,1840,3545,1210,1869,630
Apr-05,100,30,100,30,0,0
May-05,0,0,0,0,0,0
Jun-05,0,0,0,0,0,0
Jul-05,0,0,0,0,0,0
Aug-05,0,0,0,0,0,0
Sep-05,0,0,0,0,0,0
Oct-05,0,0,0,0,0,0
Nov-05,0,0,0,0,0,0
Dec-05,0,0,0,0,0,0
Jan-06,0,0,0,0,0,0
Feb-06,0,0,0,0,0,0
Mar-06,0,0,0,0,0,0
Apr-06,0,0,0,0,0,0
May-06,0,0,0,0,0,0
Jun-06,0,0,0,0,0,0
Jul-06,2,1,2,1,0,0
Aug-06,0,0,0,0,0,0
Sep-06,0,0,0,0,0,0
Oct-06,0,0,0,0,0,0
Nov-06,0,0,0,0,0,0
Dec-06,0,0,0,0,0,0
Jan-07,0,0,0,0,0,0
Feb-07,0,0,0,0,0,0
Mar-07,0,0,0,0,0,0
Apr-07,0,0,0,0,0,0
May-07,0,0,0,0,0,0
Jun-07,778,283.2,569,207,209,76.2
Jul-07,1,0.4,1,0.4,0,0
Aug-07,1,0.4,1,0.4,0,0
Sep-07,0,0,0,0,0,0
Oct-07,0,0,0,0,0,0
Nov-07,0,0,0,0,0,0
Dec-07,0,0,0,0,0,0
Jan-08,0,0,0,0,0,0
Feb-08,0,0,0,0,0,0
Mar-08,0,0,0,0,0,0
Apr-08,778,283.2,569,207,209,76.2
May-08,1,0.4,1,0.4,0,0
Jun-08,1,0.4,1,0.4,0,0
Jul-08,0,0,0,0,0,0
Aug-08,1,0.4,0,0,1,0.4
Sep-08,0,0,0,0,0,0
Oct-08,0,0,0,0,0,0
Nov-08,0,0,0,0,0,0
Dec-08,0,0,0,0,0,0
Jan-09,380,100,380,100,0,0
Feb-09,0,0,0,0,0,0
Mar-09,0,0,0,0,0,0
Apr-09,0,0,0,0,0,0
May-09,352,70,352,70,0,0
Jun-09,0,0,0,0,0,0
Jul-09,0,0,0,0,0,0
Aug-09,0,0,0,0,0,0
Sep-09,0,0,0,0,0,0
Oct-09,0,0,0,0,0,0
Nov-09,0,0,0,0,0,0
Dec-09,120,30,120,30,0,0
Jan-10,4804,1280,4804,1280,0,0
Feb-10,0,0,0,0,0,0
Mar-10,0,0,0,0,0,0
Apr-10,0,0,0,0,0,0
May-10,10,0,0,0,10,0
Jun-10,0,0,0,0,0,0
Jul-10,0,0,0,0,0,0
Aug-10,0,0,0,0,0,0
Sep-10,0,0,0,0,0,0
Oct-10,0,0,0,0,0,0
Nov-10,0,0,0,0,0,0
Dec-10,0,0,0,0,0,0
Jan-11,0,0,0,0,0,0
Feb-11,0,0,0,0,0,0
Mar-11,0,0,0,0,0,0
Apr-11,3348,990,3348,990,0,0
May-11,0,0,0,0,0,0
Jun-11,0,0,0,0,0,0
Jul-11,30,10,30,10,0,0
Aug-11,0,0,0,0,0,0
Sep-11,4627,1220,4541,1200,86,20
Oct-11,21570,5560,13663,3560,7907,2000
Nov-11,81333,21870,48197,11610,33136,10260
Dec-11,281600,69180,217809,54450,63791,14730
Jan-12,829122,205770,538404,136570,290718,69200
Feb-12,16386797,3985790,3472025,1019370,12914772,2966420
Mar-12,7167217,1893040,2908497,773150,4258720,1119890
Apr-12,12901982,3380920,5759235,1520360,7142747,1860560
May-12,24248628,6034310,15667152,3946540,8581476,2087770
Jun-12,28154295,7117030,14416081,3694390,13738214,3422640
Jul-12,37241751,9605450,17129411,4497900,20112340,5107550
Aug-12,32491306,8654670,14776020,4117220,17715286,4537450
Sep-12,10937357,3006120,6705226,1894500,4232131,1111620
Oct-12,14268372,4070200,6730201,1977410,7538171,2092790
Nov-12,19289130,5441690,6620444,1923010,12668686,3518680
Dec-12,30652658,8971100,9473292,2873850,21179366,6097250
Jan-13,30354345,9181840,12757701,3993890,17596644,5187950
Feb-13,7653778,2235050,2850615,854940,4803163,1380110
Mar-13,9040359,2576450,3438817,1008320,5601542,1568130
Apr-13,10530589,3001250,4691629,1375270,5838960,1625980
May-13,19859564,6119530,12433313,3933670,7426251,2185860
Jun-13,22715217,6622210,15969830,4732780,6745387,1889430
Jul-13,47588676,14218540,26204719,8052580,21383957,6165960
Aug-13,29530529,8254630,24221194,6841280,5309335,1413350
Sep-13,13048103,3921860,9125653,2788550,3922450,1133310
Oct-13,21607463,6717720,8542806,2748920,13064657,3968800
Nov-13,20504939,6321390,11177963,3537110,9326976,2784280
Dec-13,17906457,5619750,8003456,2596490,9903001,3023260
Jan-14,35478013,11334920,24957637,8129930,10520376,3204990
Feb-14,24567911,7544290,14709446,4670240,9858465,2874050
Mar-14,33022114,10875890,22647362,7646330,10374752,3229560
Apr-14,14946290,5050060,6435861,2276360,8510429,2773700
May-14,8138810,2913980,1672964,641800,6465846,2272180
Jun-14,51901113,19573260,20026332,7800550,31874781,11772710
Jul-14,57544114,22457660,33999918,13561990,23544196,8895670
Aug-14,49759729,19649700,28032844,11297600,21726885,8352100
Sep-14,60802366,24668320,35212609,14586320,25589757,10082000
Oct-14,53689437,21487760,23172413,9526650,30517024,11961110
Nov-14,73547177,31309910,44858518,19434300,28688659,11875610
Dec-14,52400063,21777210,25612633,10874480,26787430,10902730
Jan-15,26134182,11217390,10163926,4491730,15970256,6725660
Feb-15,29359571,12704760,8765215,3916010,20594356,8788750
Mar-15,20011835,8482280,6249923,2718260,13761912,5764020
Apr-15,9093589,3800737.56,5149065,2180508.69,3944524,1620228.87
May-15,9362799,3874295.32,5159682,2178331.53,4203117,1695963.79
Jun-15,14824109,6131414.78,9507409,3996326.6,5316700,2135088.18
Jul-15,31076686,13090337.06,16780276,7204304.46,14296410,5886032.6
Aug-15,14656134,6178486.72,9581623,4086385.56,5074511,2092101.16
Sep-15,5845277,2242440.07,3394077,1346331.98,2451200,896108.1
Oct-15,7998356,3187898.44,1051513,444098.3,6946843,2743800.14
Nov-15,1928905,1016115.14,1488080,792011.52,440825,224103.62
Dec-15,2179628,1136353.52,1714077,902128.45,465551,234225.07
Jan-16,2572913,1297171.54,2180479,1104779.77,392434,192391.77
Feb-16,2391860,1159741.46,1884917,919175.49,506943,240565.97
Mar-16,1497720,747496.36,882127,451024.11,615593,296472.25
Apr-16,87593,44297.08,23677,12152.57,63916,32144.51
May-16,752,393.47,752,393.47,0,0
Jun-16,0,0,0,0,0,0
Jul-16,0,0,0,0,0,0
Aug-16,0,0,0,0,0,0
Sep-16,0,0,0,0,0,0
Oct-16,0,0,0,0,0,0
Nov-16,0,0,0,0,0,0
Dec-16,0,0,0,0,0,0
Jan-17,0,0,0,0,0,0
Feb-17,0,0,0,0,0,0
Mar-17,4,2.9,4,2.9,0,0
Apr-17,114,82.05,82,59.21,32,22.84
May-17,0,0,0,0,0,0
Jun-17,0,0,0,0,0,0
Jul-17,0,0,0,0,0,0
Aug-17,0,0,0,0,0,0
Sep-17,0,0,0,0,0,0
Oct-17,0,0,0,0,0,0
Nov-17,0,0,0,0,0,0
Dec-17,0,0,0,0,0,0
Jan-18,0,0,0,0,0,0
Feb-18,0,0,0,0,0,0
Mar-18,0,0,0,0,0,0
Apr-18,0,0,0,0,0,0
May-18,0,0,0,0,0,0
Jun-18,0,0,0,0,0,0
Jul-18,0,0,0,0,0,0
Aug-18,0,0,0,0,0,0
Sep-18,0,0,0,0,0,0
Oct-18,0,0,0,0,0,0
Nov-18,0,0,0,0,0,0
Dec-18,0,0,0,0,0,0
Jan-19,0,0,0,0,0,0
Feb-19,0,0,0,0,0,0
Mar-19,30456,21931.3,19158,13085.02,11298,8846.28
Apr-19,0,0,0,0,0,0
May-19,0,0,0,0,0,0
Jun-19,0,0,0,0,0,0
Jul-19,0,0,0,0,0,0
Aug-19,0,0,0,0,0,0
Sep-19,0,0,0,0,0,0
Oct-19,0,0,0,0,0,0
Nov-19,23726,24490.03,15859,16494.18,7867,7995.85
Dec-19,164884,171735.7,109825,115406.47,55059,56329.23
Jan-20,472796,496094.26,354643,375632.89,118153,120461.37
Feb-20,673162,694999.27,481880,503173.11,191282,191826.16
Mar-20,1177771,1072306.5,1069954,993693.9,107817,78612.6
Apr-20,1304931,1090721,995903,875783.8,309028,214937.2
May-20,1361087,1174231.7,1218595,1077996,142492,96235.7
Jun-20,106,89.8,106,89.8,0,0
Jul-20,7150775,6018489,3256827,2976167.5,3893948,3042321.5
Aug-20,21385079,18475804.2,11023986,10475080,10361093,8000724.2
Sep-20,29796143,27257800.05,20820481,19929571.29,8975662,7328228.76
Oct-20,37664755,33918126.45,17657324,17401301.17,20007431,16516825.27
Nov-20,46793782,43779292.06,18012565,18821075.64,28781217,24958216.43
Dec-20,47924114,49017208.07,25477518,28724549.89,22446596,20292658.18
Jan-21,42508937,49326820.58,34884632,41431566.7,7624305,7895253.88
Feb-21,50553206,58369864.56,29051112,36230900.93,21502094,22138963.62
Mar-21,51664414,62123140.24,40023823,50176632.28,11640591,11946507.96
Apr-21,49276005,60378420.85,46788322,57686832.98,2487683,2691587.87
May-21,55009355,64794504.04,36540390,45198105.69,18468965,19596398.35
Jun-21,58969393,66713193.81,34385705,42309522.82,24583688,24403670.99
Jul-21,75798625,63598117.9,53614041,46527323.7,22184584,17070794.21
Aug-21,73571475,63709113.34,51549485,46485527.27,22021990,17223586.07
Sep-21,38352159,34107348.46,20577843,19706233.21,17774316,14401115.25
Oct-21,49016213,46016856.27,31428978,31157459.82,17587235,14859396.44
Nov-21,51703036,50941672.19,46623270,46527346.9,5079766,4414325.3
Dec-21,60613856,59225761.82,58753452,57667633.17,1860404,1558128.65
Jan-22,53474245,50645585.27,39647164,39202628.04,13827081,11442957.23
Feb-22,49326822,48244849.85,46520931,45846242.78,2805891,2398607.07
Mar-22,55405386,52402918.65,50032862,48098967.3,5372524,4303951.36
Apr-22,31655830,28855219.88,19510526,18927053.28,12145304,9928166.6
May-22,3274078,2906895.72,2530382,2280341.93,743696,626553.79
Jun-22,47645852,42675128.31,45199781,40673008.75,2446071,2002119.56
Jul-22,55778112,49723372.16,46516220,42147968.58,9261892,7575403.58
Aug-22,52381116,45189868.63,12246492,11869903.91,40134624,33319964.72
Sep-22,50998320,47322490,30210555,29766390,20787765,17556100
Oct-22,38424759,37543471,36689840,36045430,1734919,1498041
Nov-22,46255054,43500910,25771335,25778700,20483719,17722210
Dec-22,41571503,40884081.15,27535943,28172128.89,14035560,12711952.26
Jan-23,1979152,1997361.72,1769526,1806422.08,209626,190939.64
Feb-23,1443426,1403426.82,1185603,1172594.36,257823,230832.46
Mar-23,1177249,1150304.62,1157972,1133058.59,19277,17246.03
Apr-23,8,7.49,8,7.49,0,0
May-23,351558,219320.86,240516,150332.67,111042,68988.19
Jun-23,32923078,20954775.06,17050864,10884836.54,15872214,10069938.52
Jul-23,138195430,91500952.82,72310427,48045911.23,65885003,43455041.59
Aug-23,356090397,232231978.1,175596801,114934377.8,180493596,117297600.3
Sep-23,796168272,528487632.8,407979406,271794332.3,388188866,256693300.5
Oct-23,1004463937,656585688.5,517267349,339349593.1,487196588,317236095.3
Nov-23,1124375712,739035780.5,572547062,377726612.6,551828650,361309167.9
Dec-23,1989045421,1422790161,1017460286,731590244.4,971585135,691199917.1
Jan-24,1715381539,1264412310,886987818,657506918,828393721,606905391.7
Feb-24,2109800759,1552514105,1081496322,801462588.6,1028304437,751051516.5
Mar-24,2032870277,1519418658,1051075853,789719460.5,981794424,729699197.5
Apr-24,2224299239,1694952984,1136394739,871271443.6,1087904500,823681540.3
May-24,2894893202,2197396416,1480962413,1131353705,1413930789,1066042711
Jun-24,2588798429,2063729871,1346324635,1082248426,1242473794,981481444.8
Jul-24,3050309726,2542566014,1552223317,1302315361,1498086409,1240250653
Aug-24,3169143875,2603045283,1619272368,1338128813,1549871507,1264916471
Sep-24,3544569570,3014739638,1813412687,1553474970,1731156883,1461264668
Oct-24,3198473182,2642583977,1655798061,1378225838,1542675121,1264358139
Nov-24,2490130045,2030621369,1291083780,1060190751,1199046265,970430617.9
Dec-24,2242090829,1812161534,1111355755,907937257.4,1130735074,904224276.8
Jan-25,2177114399,2448074311,1094366277,1241512790,1082748122,1206561521
Feb-25,1347483159,2062326077,680942129,1053718398,666541030,1008607679
Mar-25,1620767112,2443795045,825022395,1254433915,795744717,1189361130
Apr-25,1699789973,2633301509,844446374,1324230685,855343599,1309070824
May-25,1637155497,2668897078,844134201,1392899809,793021296,1275997269
Jun-25,1638577865,2689777555,848341648,1406130833,790236217,1283646722
Jul-25,2111609377,3488102526,1083059575,1800919721,1028549802,1687182805
Aug-25,2082322403,3375835398,1041758913,1700617146,1040563490,1675218252
Sep-25,2235357754,3651811368,1090607436,1792875125,1144750318,1858936243
Oct-25,2790050804,4641251091,1422258308,2378649789,1367792496,2262601302
Nov-25,2335515612,3963895853,1159622968,1979385327,1175892644,1984510526
Dec-25,2594321693,4414439201,1287522622,2202533367,1306799071,2211905833
Jan-26,3431358512,5731639675,1700971170,2860173170,1730387342,2871466506
Feb-26,2818477712,4693406794,1340530251,2250522835,1477947461,2442883959
Mar-26,2780647645,4274615119,1396785225,2172964308,1383862420,2101650811
Apr-26,3511977639,5377632474,1798902563,2777790067,1713075076,2599842406
May-26,2859234897,4360336008,1439946799,2215882883,1419288098,2144453125
Jun-26,2968560086,4497149951,1501449890,2292483521,1467110196,2204666430